<environmentvariabledefinition schemaname="santam_SupervisorChannelid">
  <defaultvalue>19:4b5bf009159a499e83865cc5a720b69a@thread.tacv2</defaultvalue>
  <description default="Supervisor Channel id">
    <label description="Supervisor Channel id" languagecode="1033" />
  </description>
  <displayname default="Supervisor Channel Id">
    <label description="Supervisor Channel Id" languagecode="1033" />
  </displayname>
  <introducedversion>1.0.0.2</introducedversion>
  <iscustomizable>1</iscustomizable>
  <isrequired>0</isrequired>
  <secretstore>0</secretstore>
  <type>100000000</type>
</environmentvariabledefinition>