{
  "properties": {
    "connectionReferences": {
      "shared_commondataserviceforapps": {
        "impersonation": {},
        "runtimeSource": "embedded",
        "connection": {
          "connectionReferenceLogicalName": "admin_sharedcommondataserviceforapps_98924"
        },
        "api": {
          "name": "shared_commondataserviceforapps"
        }
      },
      "shared_approvals": {
        "runtimeSource": "embedded",
        "connection": {
          "connectionReferenceLogicalName": "santam_sharedapprovals_6c36a"
        },
        "api": {
          "name": "shared_approvals"
        }
      },
      "shared_office365groups": {
        "runtimeSource": "embedded",
        "connection": {
          "connectionReferenceLogicalName": "admin_CoECoreO365Groups"
        },
        "api": {
          "name": "shared_office365groups"
        }
      },
      "shared_teams": {
        "runtimeSource": "embedded",
        "connection": {
          "connectionReferenceLogicalName": "admin_CoECoreTeams"
        },
        "api": {
          "name": "shared_teams"
        }
      }
    },
    "definition": {
      "$schema": "https://schema.management.azure.com/providers/Microsoft.Logic/schemas/2016-06-01/workflowdefinition.json#",
      "contentVersion": "1.0.0.0",
      "parameters": {
        "$connections": {
          "defaultValue": {},
          "type": "Object"
        },
        "$authentication": {
          "defaultValue": {},
          "type": "SecureObject"
        },
        "Team Calendar Group Id (santam_TeamCalendarGroupId)": {
          "defaultValue": "03db1e5e-46de-4321-8cde-4409a776eed9",
          "type": "String",
          "metadata": {
            "schemaName": "santam_TeamCalendarGroupId",
            "description": "Group Id of the Team Calendar"
          }
        },
        "Supervisor Channel id (santam_SupervisorChannelid)": {
          "defaultValue": "19:4b5bf009159a499e83865cc5a720b69a@thread.tacv2",
          "type": "String",
          "metadata": {
            "schemaName": "santam_SupervisorChannelid",
            "description": "Supervisor Channel id"
          }
        }
      },
      "triggers": {
        "When_a_row_is_added,_modified_or_deleted": {
          "metadata": {
            "operationMetadataId": "23fdc530-209a-45cc-8fac-06a50056f86d"
          },
          "type": "OpenApiConnectionWebhook",
          "inputs": {
            "host": {
              "apiId": "/providers/Microsoft.PowerApps/apis/shared_commondataserviceforapps",
              "connectionName": "shared_commondataserviceforapps",
              "operationId": "SubscribeWebhookTrigger"
            },
            "parameters": {
              "subscriptionRequest/message": 4,
              "subscriptionRequest/entityname": "cr287_building_inspection_request",
              "subscriptionRequest/scope": 4,
              "subscriptionRequest/filteringattributes": "cr287_inspector_assigned",
              "subscriptionRequest/name": "74dab254-e401-ed11-82e6-000d3a7fc0b0"
            },
            "authentication": "@parameters('$authentication')"
          }
        }
      },
      "actions": {
        "Try": {
          "actions": {
            "Get_assigned_inspector_details": {
              "runAfter": {},
              "metadata": {
                "operationMetadataId": "11b88bea-ddfd-437e-a20b-b22b8181de33"
              },
              "type": "OpenApiConnection",
              "inputs": {
                "host": {
                  "apiId": "/providers/Microsoft.PowerApps/apis/shared_commondataserviceforapps",
                  "connectionName": "shared_commondataserviceforapps",
                  "operationId": "ListRecords"
                },
                "parameters": {
                  "entityName": "systemusers",
                  "$select": "firstname,lastname,internalemailaddress",
                  "$filter": "systemuserid eq '@{triggerOutputs()?['body/_cr287_inspector_assigned_value']}'",
                  "$top": 1
                },
                "authentication": "@parameters('$authentication')"
              },
              "description": "Get the assigned inspector name"
            },
            "Get_First_Name": {
              "runAfter": {
                "Set_status_to_pending_approval": [
                  "Succeeded"
                ]
              },
              "metadata": {
                "operationMetadataId": "71c395f7-ae42-41e2-877d-d2862195c5fe"
              },
              "type": "Compose",
              "inputs": "@first(outputs('Get_assigned_inspector_details')?['body/value'])?['firstname']",
              "description": "store the first name of the assigned inspector"
            },
            "Get_Primary_Email": {
              "runAfter": {
                "Get_Last_Name": [
                  "Succeeded"
                ]
              },
              "metadata": {
                "operationMetadataId": "513e959c-98cb-4664-b2a3-930d661f077d"
              },
              "type": "Compose",
              "inputs": "@first(outputs('Get_assigned_inspector_details')?['body/value'])?['internalemailaddress']",
              "description": "store the last name of the assigned inspector"
            },
            "Get_Last_Name": {
              "runAfter": {
                "Get_First_Name": [
                  "Succeeded"
                ]
              },
              "metadata": {
                "operationMetadataId": "513e959c-98cb-4664-b2a3-930d661f077d"
              },
              "type": "Compose",
              "inputs": "@first(outputs('Get_assigned_inspector_details')?['body/value'])?['lastname']",
              "description": "store the last name of the assigned inspector"
            },
            "Start_and_wait_for_an_approval": {
              "runAfter": {
                "Get_Primary_Email": [
                  "Succeeded"
                ]
              },
              "metadata": {
                "operationMetadataId": "cc09494b-3624-44af-82f9-c9c1a8705de7"
              },
              "type": "OpenApiConnectionWebhook",
              "inputs": {
                "host": {
                  "apiId": "/providers/Microsoft.PowerApps/apis/shared_approvals",
                  "connectionName": "shared_approvals",
                  "operationId": "StartAndWaitForAnApproval"
                },
                "parameters": {
                  "approvalType": "Basic",
                  "WebhookApprovalCreationInput/title": "You have been assigned request id - @{triggerOutputs()?['body/cr287_request_id']}",
                  "WebhookApprovalCreationInput/assignedTo": "@{outputs('Get_Primary_Email')};",
                  "WebhookApprovalCreationInput/details": "**Details of the inspection:**\n@{triggerOutputs()?['body/cr287_description']}\n\n**Request Id:**:@{triggerOutputs()?['body/cr287_request_id']}\n**Proposed Date Time:**:@{triggerOutputs()?['body/santam_estimatedinspectionarrivaltime']}\n**Permit Number :** @{triggerOutputs()?['body/cr287_permit_number']}\n**Permit Type:** @{triggerOutputs()?['body/cr287_permit_type']}\n**Permit Sub Type:** @{triggerOutputs()?['body/cr287_permit_sub_type']}\n**Code Description:** @{triggerOutputs()?['body/cr287_class_code_description']}\n**Inspection Type:** @{triggerOutputs()?['body/cr287_inspection_type']}",
                  "WebhookApprovalCreationInput/enableNotifications": true,
                  "WebhookApprovalCreationInput/enableReassignment": false
                },
                "authentication": "@parameters('$authentication')"
              },
              "description": "Send approval to inspector"
            },
            "Get_approver_comment": {
              "runAfter": {
                "Start_and_wait_for_an_approval": [
                  "Succeeded"
                ]
              },
              "metadata": {
                "operationMetadataId": "78e34dee-298d-4327-81e7-1f17db205f17"
              },
              "type": "Compose",
              "inputs": "@first(outputs('Start_and_wait_for_an_approval')?['body/responses'])?['Comments']",
              "description": "store approver comments"
            },
            "Outcome_of_approval": {
              "actions": {
                "Create_a_group_calendar_event_(V2)": {
                  "runAfter": {},
                  "metadata": {
                    "operationMetadataId": "a1123688-e90b-47f5-bc43-f7993d46faab"
                  },
                  "type": "OpenApiConnection",
                  "inputs": {
                    "host": {
                      "apiId": "/providers/Microsoft.PowerApps/apis/shared_office365groups",
                      "connectionName": "shared_office365groups",
                      "operationId": "CreateCalendarEventV2"
                    },
                    "parameters": {
                      "groupId": "@parameters('Team Calendar Group Id (santam_TeamCalendarGroupId)')",
                      "body/subject": "@{outputs('Get_First_Name')} @{outputs('Get_Last_Name')}- ",
                      "body/start/dateTime": "@triggerOutputs()?['body/santam_estimatedinspectionarrivaltime']",
                      "body/end/dateTime": "@addHours(triggerOutputs()?['body/santam_estimatedinspectionarrivaltime'],1)",
                      "body/body/content": "<html>\n<head>\n<style>\ntable {\n  font-family: arial, sans-serif;\n  border-collapse: collapse;\n  width: 100%;\n}\n\ntd, th {\n  border: 1px solid #dddddd;\n  text-align: left;\n  padding: 8px;\n}\n\ntr:nth-child(even) {\n  background-color: #dddddd;\n}\n</style>\n</head>\n<body>\n\n<p><u><strong>Details of the inspection:</strong></u><br>\n<br>\n@{triggerOutputs()?['body/cr287_description']}\n<br>\n<br>\n<table>\n<tr><td>Permit Number </td><td> @{triggerOutputs()?['body/cr287_permit_number']}</td></tr>\n<tr><td>Permit Type</td><td>@{triggerOutputs()?['body/cr287_permit_type']}</td></tr>\n<tr><td>Permit Sub Type</td><td>@{triggerOutputs()?['body/cr287_permit_sub_type']} </td></tr>\n<tr><td>Class Code Description</td><td>@{triggerOutputs()?['body/cr287_class_code_description']} </td></tr>\n<tr><td>Inspection Type</td><td> @{triggerOutputs()?['body/cr287_inspection_type']}</td></tr>\n</table></p>",
                      "body/location/displayName": ", , , ",
                      "body/importance": "Normal",
                      "body/isAllDay": false,
                      "body/isReminderOn": true,
                      "body/responseRequested": false
                    },
                    "authentication": "@parameters('$authentication')"
                  },
                  "description": "Create a calendar event in the group calendar"
                },
                "Set_status_to_accepted": {
                  "runAfter": {
                    "Create_a_group_calendar_event_(V2)": [
                      "Succeeded"
                    ]
                  },
                  "metadata": {
                    "operationMetadataId": "fa8c438e-6fae-44f9-bdb5-db3d350deeaa"
                  },
                  "type": "OpenApiConnection",
                  "inputs": {
                    "host": {
                      "apiId": "/providers/Microsoft.PowerApps/apis/shared_commondataserviceforapps",
                      "connectionName": "shared_commondataserviceforapps",
                      "operationId": "UpdateRecord"
                    },
                    "parameters": {
                      "entityName": "cr287_building_inspection_requests",
                      "recordId": "@triggerOutputs()?['body/cr287_building_inspection_requestid']",
                      "item/cr287_status": "Accepted"
                    },
                    "authentication": "@parameters('$authentication')"
                  }
                }
              },
              "runAfter": {
                "Get_approver_comment": [
                  "Succeeded"
                ]
              },
              "else": {
                "actions": {
                  "Post_message_in_a_chat_or_channel": {
                    "runAfter": {},
                    "metadata": {
                      "operationMetadataId": "ffa6ca32-78c9-494a-ab96-3ae69fe52e74"
                    },
                    "type": "OpenApiConnection",
                    "inputs": {
                      "host": {
                        "apiId": "/providers/Microsoft.PowerApps/apis/shared_teams",
                        "connectionName": "shared_teams",
                        "operationId": "PostMessageToConversation"
                      },
                      "parameters": {
                        "poster": "User",
                        "location": "Channel",
                        "body/recipient/groupId": "@parameters('Team Calendar Group Id (santam_TeamCalendarGroupId)')",
                        "body/recipient/channelId": "@parameters('Supervisor Channel id (santam_SupervisorChannelid)')",
                        "body/messageBody": "<html>\n<head>\n<style>\ntable {\n  font-family: arial, sans-serif;\n  border-collapse: collapse;\n  width: 100%;\n}\n\ntd, th {\n  border: 1px solid #dddddd;\n  text-align: left;\n  padding: 8px;\n}\n\ntr:nth-child(even) {\n  background-color: #dddddd;\n}\n</style>\n</head>\n<body>\n<br>\n<u>Request Id <b><a href=\"https://org89ae3189.crm11.dynamics.com/main.aspx?appid=2f04b9fa-c501-ed11-82e6-000d3a7fc0b0&pagetype=entityrecord&etn=cr287_building_inspection_request&id=@{triggerOutputs()?['body/cr287_building_inspection_requestid']}\">@{triggerOutputs()?['body/cr287_request_id']}</a></b> has to be re-assigned</u>\n\n<p>Inspector @{outputs('Get_First_Name')} @{outputs('Get_Last_Name')} <b><u>declined</u></b> the request for the following inspection. \n<br>\n<b>Reason for rejection :</b> @{outputs('Get_approver_comment')}\n<br>\n<br>\n<b><u>Details of the inspection:</u></b><br>\n\n<br>\n<table>\n<tr>\n<td>Request Id</td><td><a href=\"https://org89ae3189.crm11.dynamics.com/main.aspx?appid=2f04b9fa-c501-ed11-82e6-000d3a7fc0b0&pagetype=entityrecord&etn=cr287_building_inspection_request&id=@{triggerOutputs()?['body/cr287_building_inspection_requestid']}\">@{triggerOutputs()?['body/cr287_request_id']}</a></td></tr>\n<tr><td>Permit Number </td><td> @{triggerOutputs()?['body/cr287_permit_number']}</td></tr>\n<tr><td>Permit Type</td><td>@{triggerOutputs()?['body/cr287_permit_type']}</td></tr>\n<tr><td>Permit Sub Type</td><td>@{triggerOutputs()?['body/cr287_permit_sub_type']} </td></tr>\n<tr><td>Class Code Description</td><td>@{triggerOutputs()?['body/cr287_class_code_description']} </td></tr>\n<tr><td>Inspection Type</td><td> @{triggerOutputs()?['body/cr287_inspection_type']}</td></tr>\n</table>\n</p>\n</html>",
                        "body/subject": "Declined : Request id @{triggerOutputs()?['body/cr287_request_id']}"
                      },
                      "authentication": "@parameters('$authentication')"
                    }
                  },
                  "Set_status_to_declined": {
                    "runAfter": {
                      "Post_message_in_a_chat_or_channel": [
                        "Succeeded"
                      ]
                    },
                    "metadata": {
                      "operationMetadataId": "2f7f833e-24be-4d78-8eb5-79938d121b26"
                    },
                    "type": "OpenApiConnection",
                    "inputs": {
                      "host": {
                        "apiId": "/providers/Microsoft.PowerApps/apis/shared_commondataserviceforapps",
                        "connectionName": "shared_commondataserviceforapps",
                        "operationId": "UpdateRecord"
                      },
                      "parameters": {
                        "entityName": "cr287_building_inspection_requests",
                        "recordId": "@triggerOutputs()?['body/cr287_building_inspection_requestid']",
                        "item/cr287_status": "Declined"
                      },
                      "authentication": "@parameters('$authentication')"
                    }
                  }
                }
              },
              "expression": {
                "equals": [
                  "@outputs('Start_and_wait_for_an_approval')?['body/outcome']",
                  "Approve"
                ]
              },
              "metadata": {
                "operationMetadataId": "ae7845e6-0c39-463e-8716-959351b12648"
              },
              "type": "If",
              "description": "If approved create an event in group calendar. If rejected email the supervisors asking to reassign"
            },
            "Set_status_to_pending_approval": {
              "runAfter": {
                "Get_assigned_inspector_details": [
                  "Succeeded"
                ]
              },
              "metadata": {
                "operationMetadataId": "2f7f833e-24be-4d78-8eb5-79938d121b26"
              },
              "type": "OpenApiConnection",
              "inputs": {
                "host": {
                  "apiId": "/providers/Microsoft.PowerApps/apis/shared_commondataserviceforapps",
                  "connectionName": "shared_commondataserviceforapps",
                  "operationId": "UpdateRecord"
                },
                "parameters": {
                  "entityName": "cr287_building_inspection_requests",
                  "recordId": "@triggerOutputs()?['body/cr287_building_inspection_requestid']",
                  "item/santam_inspectioncompleted": "@null",
                  "item/cr287_status": "Pending Approval"
                },
                "authentication": "@parameters('$authentication')"
              }
            }
          },
          "runAfter": {
            "Check_Inspector_Assigned": [
              "Succeeded"
            ]
          },
          "metadata": {
            "operationMetadataId": "4e48b2c8-d302-4542-b874-fa199d7dc174"
          },
          "type": "Scope"
        },
        "Catch": {
          "actions": {
            "Terminate": {
              "runAfter": {},
              "metadata": {
                "operationMetadataId": "e2627e5e-4555-4710-a486-45ad8c574aaa"
              },
              "type": "Terminate",
              "inputs": {
                "runStatus": "Failed"
              }
            }
          },
          "runAfter": {
            "Try": [
              "Failed"
            ]
          },
          "metadata": {
            "operationMetadataId": "c206a0f6-e262-4b86-9e24-a2bdc664e21f"
          },
          "type": "Scope"
        },
        "Finally": {
          "actions": {},
          "runAfter": {
            "Catch": [
              "Succeeded"
            ]
          },
          "metadata": {
            "operationMetadataId": "43b96299-1272-47f4-aa77-b1a837af42de"
          },
          "type": "Scope"
        },
        "Check_Inspector_Assigned": {
          "actions": {
            "Terminate_2": {
              "runAfter": {},
              "metadata": {
                "operationMetadataId": "0ae2f796-f1a2-46aa-ae6a-ea3950954df7"
              },
              "type": "Terminate",
              "inputs": {
                "runStatus": "Succeeded"
              },
              "description": "If the inspector is not assigned terminate the flow"
            }
          },
          "runAfter": {},
          "expression": {
            "and": [
              {
                "equals": [
                  "@triggerOutputs()?['body/_cr287_inspector_assigned_value']",
                  "@null"
                ]
              },
              {
                "equals": [
                  "@triggerOutputs()?['body/santam_estimatedinspectionarrivaltime']",
                  "@null"
                ]
              }
            ]
          },
          "metadata": {
            "operationMetadataId": "fe72fd93-6a75-4f12-9bb9-caadd57ca840"
          },
          "type": "If",
          "description": "Check if Inspector has been assigned and estimate inspection date is null"
        }
      }
    }
  },
  "schemaVersion": "1.0.0.0"
}