<ImportExportXml version="9.2.22063.184" SolutionPackageVersion="9.2" languagecode="1033" generatedBy="CrmLive" xmlns:xsi="http://www.w3.org/2001/XMLSchema-instance">
  <SolutionManifest>
    <UniqueName>BuildingInspection</UniqueName>
    <LocalizedNames>
      <LocalizedName description="Building Inspection" languagecode="1033" />
    </LocalizedNames>
    <Descriptions />
    <Version>1.0.0.6</Version>
    <Managed>0</Managed>
    <Publisher>
      <UniqueName>SantaMonica</UniqueName>
      <LocalizedNames>
        <LocalizedName description="Santa Monica" languagecode="1033" />
      </LocalizedNames>
      <Descriptions />
      <EMailAddress xsi:nil="true"></EMailAddress>
      <SupportingWebsiteUrl xsi:nil="true"></SupportingWebsiteUrl>
      <CustomizationPrefix>santam</CustomizationPrefix>
      <CustomizationOptionValuePrefix>72384</CustomizationOptionValuePrefix>
      <Addresses>
        <Address>
          <AddressNumber>1</AddressNumber>
          <AddressTypeCode>1</AddressTypeCode>
          <City xsi:nil="true"></City>
          <County xsi:nil="true"></County>
          <Country xsi:nil="true"></Country>
          <Fax xsi:nil="true"></Fax>
          <FreightTermsCode xsi:nil="true"></FreightTermsCode>
          <ImportSequenceNumber xsi:nil="true"></ImportSequenceNumber>
          <Latitude xsi:nil="true"></Latitude>
          <Line1 xsi:nil="true"></Line1>
          <Line2 xsi:nil="true"></Line2>
          <Line3 xsi:nil="true"></Line3>
          <Longitude xsi:nil="true"></Longitude>
          <Name xsi:nil="true"></Name>
          <PostalCode xsi:nil="true"></PostalCode>
          <PostOfficeBox xsi:nil="true"></PostOfficeBox>
          <PrimaryContactName xsi:nil="true"></PrimaryContactName>
          <ShippingMethodCode>1</ShippingMethodCode>
          <StateOrProvince xsi:nil="true"></StateOrProvince>
          <Telephone1 xsi:nil="true"></Telephone1>
          <Telephone2 xsi:nil="true"></Telephone2>
          <Telephone3 xsi:nil="true"></Telephone3>
          <TimeZoneRuleVersionNumber xsi:nil="true"></TimeZoneRuleVersionNumber>
          <UPSZone xsi:nil="true"></UPSZone>
          <UTCOffset xsi:nil="true"></UTCOffset>
          <UTCConversionTimeZoneCode xsi:nil="true"></UTCConversionTimeZoneCode>
        </Address>
        <Address>
          <AddressNumber>2</AddressNumber>
          <AddressTypeCode>1</AddressTypeCode>
          <City xsi:nil="true"></City>
          <County xsi:nil="true"></County>
          <Country xsi:nil="true"></Country>
          <Fax xsi:nil="true"></Fax>
          <FreightTermsCode xsi:nil="true"></FreightTermsCode>
          <ImportSequenceNumber xsi:nil="true"></ImportSequenceNumber>
          <Latitude xsi:nil="true"></Latitude>
          <Line1 xsi:nil="true"></Line1>
          <Line2 xsi:nil="true"></Line2>
          <Line3 xsi:nil="true"></Line3>
          <Longitude xsi:nil="true"></Longitude>
          <Name xsi:nil="true"></Name>
          <PostalCode xsi:nil="true"></PostalCode>
          <PostOfficeBox xsi:nil="true"></PostOfficeBox>
          <PrimaryContactName xsi:nil="true"></PrimaryContactName>
          <ShippingMethodCode>1</ShippingMethodCode>
          <StateOrProvince xsi:nil="true"></StateOrProvince>
          <Telephone1 xsi:nil="true"></Telephone1>
          <Telephone2 xsi:nil="true"></Telephone2>
          <Telephone3 xsi:nil="true"></Telephone3>
          <TimeZoneRuleVersionNumber xsi:nil="true"></TimeZoneRuleVersionNumber>
          <UPSZone xsi:nil="true"></UPSZone>
          <UTCOffset xsi:nil="true"></UTCOffset>
          <UTCConversionTimeZoneCode xsi:nil="true"></UTCConversionTimeZoneCode>
        </Address>
      </Addresses>
    </Publisher>
    <RootComponents>
      <RootComponent type="1" schemaName="cr287_building_inspection_request" behavior="0" />
      <RootComponent type="1" schemaName="santam_supervsiorbpf" behavior="0" />
      <RootComponent type="1" schemaName="systemuser" behavior="0" />
      <RootComponent type="29" id="{1dbf149e-2602-ed11-82e6-000d3a7fc0b0}" behavior="0" />
      <RootComponent type="29" id="{226d43df-3702-ed11-82e6-000d3a7fc0b0}" behavior="0" />
      <RootComponent type="29" id="{74dab254-e401-ed11-82e6-000d3a7fc0b0}" behavior="0" />
      <RootComponent type="29" id="{807b1760-a302-ed11-82e6-000d3a7fc0b0}" behavior="0" />
      <RootComponent type="29" id="{916e3e74-7203-ed11-82e6-000d3a7fc0b0}" behavior="0" />
      <RootComponent type="29" id="{a97be0fd-8c02-ed11-82e6-000d3a7fc0b0}" behavior="0" />
      <RootComponent type="29" id="{f5792e02-2802-ed11-82e6-000d3a7fc0b0}" behavior="0" />
      <RootComponent type="62" schemaName="santam_ManageInspections" behavior="0" />
      <RootComponent type="80" schemaName="santam_ManageInspections" behavior="0" />
      <RootComponent type="300" schemaName="santam_inspectionvisitrecordingapp_6796f" behavior="0" />
      <RootComponent type="431" schemaName="cr287_building_inspection_request santam_inspectionimage" behavior="0" />
      <RootComponent type="432" schemaName="cr287_building_inspection_request" behavior="0" />
    </RootComponents>
    <MissingDependencies>
      <MissingDependency>
        <Required type="1" schemaName="admin_backlogideavote" displayName="Backlog Idea Vote" solution="CenterofExcellenceInnovationBacklog (2.5)" />
        <Dependent type="1" schemaName="systemuser" displayName="User" />
      </MissingDependency>
      <MissingDependency>
        <Required type="1" schemaName="admin_backlogitemsolution" displayName="Backlog Item Solution" solution="CenterofExcellenceInnovationBacklog (2.5)" />
        <Dependent type="1" schemaName="systemuser" displayName="User" />
      </MissingDependency>
      <MissingDependency>
        <Required type="1" schemaName="admin_backlogitemtestimonial" displayName="Backlog Item Testimonial" solution="CenterofExcellenceInnovationBacklog (2.5)" />
        <Dependent type="1" schemaName="systemuser" displayName="User" />
      </MissingDependency>
      <MissingDependency>
        <Required type="1" schemaName="admin_connector" displayName="PowerApps Connector" solution="CenterofExcellenceCoreComponents (3.39)" />
        <Dependent type="1" schemaName="systemuser" displayName="User" />
      </MissingDependency>
      <MissingDependency>
        <Required type="1" schemaName="admin_innovationbacklogidea" displayName="Innovation Backlog Idea" solution="CenterofExcellenceInnovationBacklog (2.5)" />
        <Dependent type="1" schemaName="systemuser" displayName="User" />
      </MissingDependency>
      <MissingDependency>
        <Required type="1" schemaName="admin_innovationbacklogworkitem" displayName="Innovation Backlog Workitem" solution="CenterofExcellenceInnovationBacklog (2.5)" />
        <Dependent type="1" schemaName="systemuser" displayName="User" />
      </MissingDependency>
      <MissingDependency>
        <Required type="1" schemaName="admin_maker" displayName="Maker" solution="CenterofExcellenceCoreComponents (3.39)" />
        <Dependent type="1" schemaName="systemuser" displayName="User" />
      </MissingDependency>
      <MissingDependency>
        <Required type="1" schemaName="admin_powerplatformuser" displayName="Power Platform User" solution="CenterofExcellenceCoreComponents (3.39)" />
        <Dependent type="1" schemaName="systemuser" displayName="User" />
      </MissingDependency>
      <MissingDependency>
        <Required type="1" schemaName="adx_webformsession" displayName="Advanced Form Session" solution="MicrosoftPortalWebForms (9.3.2204.2)">
          <package>CDSBasePortal (9.3.2204.69)</package>
        </Required>
        <Dependent type="1" schemaName="systemuser" displayName="User" />
      </MissingDependency>
      <MissingDependency>
        <Required type="1" schemaName="appusersetting" displayName="Model-Driven App User Setting" solution="AppModule (9.1.22034.220322001)" />
        <Dependent type="1" schemaName="systemuser" displayName="User" />
      </MissingDependency>
      <MissingDependency>
        <Required type="1" schemaName="bot" displayName="Chatbot" solution="PowerVirtualAgents (2.0.0.175)">
          <package>msdynce_CustomerCareIntelligenceBots_Anchor (2.0.0.175)</package>
        </Required>
        <Dependent type="1" schemaName="systemuser" displayName="User" />
      </MissingDependency>
      <MissingDependency>
        <Required type="1" schemaName="usermobileofflineprofilemembership" displayName="UserMobileOfflineProfileMembership" solution="MobileOfflineMembership (1.0.0.2)" />
        <Dependent type="1" schemaName="systemuser" displayName="User" />
      </MissingDependency>
      <MissingDependency>
        <Required type="161" displayName="Manage Inspections Profile" solution="Active" id="{c6577b8d-8002-ed11-82e6-000d3a7fc0b0}" />
        <Dependent type="80" schemaName="santam_ManageInspections" displayName="Inspections Scheduler" />
      </MissingDependency>
      <MissingDependency>
        <Required type="61" schemaName="msdyn_/Images/AppModule_Default_Icon.png" displayName="msdyn_/Images/AppModule_Default_Icon.png" solution="AppModuleWebResources (2.5)" />
        <Dependent type="80" schemaName="santam_ManageInspections" displayName="Inspections Scheduler" />
      </MissingDependency>
      <MissingDependency>
        <Required type="connectionreference" displayName="admin_sharedcommondataserviceforapps_98924" solution="CenterofExcellenceCoreComponents (3.39)" id.connectionreferencelogicalname="admin_sharedcommondataserviceforapps_98924" />
        <Dependent type="29" displayName="Send notification when inspection scheduled" id="{74dab254-e401-ed11-82e6-000d3a7fc0b0}" />
      </MissingDependency>
      <MissingDependency>
        <Required type="SettingDefinition" displayName="AllowNotificationsEarlyAccess" solution="AppNotifications (10.0.0.9)" id.uniquename="AllowNotificationsEarlyAccess" />
        <Dependent type="AppSetting" displayName="parentappmoduleid.uniquename=santam_ManageInspections,settingdefinitionid.uniquename=AllowNotificationsEarlyAccess" id.parentappmoduleid.uniquename="santam_ManageInspections" id.settingdefinitionid.uniquename="AllowNotificationsEarlyAccess" />
      </MissingDependency>
      <MissingDependency>
        <Required type="SettingDefinition" displayName="EnableRoleBasedOfflineProfileAccess" solution="SettingDefinitionsData (9.1.22034.220322001)" id.uniquename="EnableRoleBasedOfflineProfileAccess" />
        <Dependent type="AppSetting" displayName="parentappmoduleid.uniquename=santam_ManageInspections,settingdefinitionid.uniquename=EnableRoleBasedOfflineProfileAccess" id.parentappmoduleid.uniquename="santam_ManageInspections" id.settingdefinitionid.uniquename="EnableRoleBasedOfflineProfileAccess" />
      </MissingDependency>
    </MissingDependencies>
  </SolutionManifest>
</ImportExportXml>