<environmentvariabledefinition schemaname="santam_TeamCalendarGroupId">
  <defaultvalue>03db1e5e-46de-4321-8cde-4409a776eed9</defaultvalue>
  <description default="Group Id of the Team">
    <label description="Group Id of the Team" languagecode="1033" />
  </description>
  <displayname default="Team Group Id">
    <label description="Team Group Id" languagecode="1033" />
  </displayname>
  <introducedversion>1.0.0.0</introducedversion>
  <iscustomizable>1</iscustomizable>
  <isrequired>0</isrequired>
  <secretstore>0</secretstore>
  <type>100000000</type>
</environmentvariabledefinition>